{"name":"4bcc2539-4d00-422d-b9e0-87345f4fff52","id":"/providers/Microsoft.Flow/flows/4bcc2539-4d00-422d-b9e0-87345f4fff52","type":"Microsoft.Flow/flows","properties":{"apiId":"/providers/Microsoft.PowerApps/apis/shared_logicflows","displayName":"Post data to sleep log [example]","definition":{"metadata":{"workflowEntityId":null,"creator":{"id":"9a880555-59c1-431b-bb7a-3d58c2fdcdfb","type":"User","tenantId":"07785c29-8c5d-4dd0-a299-dd56f33ab94a"},"provisioningMethod":"FromDefinition","failureAlertSubscription":true,"clientLastModifiedTime":"2018-12-01T15:04:25.4357521Z"},"$schema":"https://schema.management.azure.com/providers/Microsoft.Logic/schemas/2016-06-01/workflowdefinition.json#","contentVersion":"1.0.0.0","parameters":{"$connections":{"defaultValue":{},"type":"Object"},"$authentication":{"defaultValue":{},"type":"SecureObject"}},"triggers":{"manual":{"type":"Request","kind":"Http","inputs":{"schema":{"type":"object","properties":{"$content-type":{"type":"string"},"$content":{"type":"string"},"$formdata":{"type":"array","items":{"type":"object","properties":{"key":{"type":"string"},"value":{"type":"string"}},"required":["key","value"]}}}}}}},"actions":{"Apply_to_each":{"foreach":"@triggerBody()?['$formdata']","actions":{"Notify_parents_that_value_recorded":{"runAfter":{"Log_result_to_the_sleep_log":["Succeeded"]},"metadata":{"flowSystemMetadata":{"swaggerOperationId":"SendEmail"}},"type":"ApiConnection","inputs":{"host":{"api":{"runtimeUrl":"https://flow-apim-msmanaged-na-northcentralus-01.azure-apim.net/apim/office365"},"connection":{"name":"@parameters('$connections')['shared_office365']['connectionId']"}},"method":"post","body":{"To":"youremail@yourdomain.com","Subject":"Sleep log updated for @{formatDateTime(utcNow(), 'yyyy-MM-dd')}","Body":"Sleep log updated for @{formatDateTime(utcNow(), 'yyyy-MM-dd')}, status: @{items('Apply_to_each')?['value']}\n<br/>\nAll sleep log results are available <a href=\"https://github.com/smuckwell/sleep-log-recorder\">here</a>.","IsHtml":true},"path":"/Mail","authentication":"@parameters('$authentication')"}},"Log_result_to_the_sleep_log":{"runAfter":{},"metadata":{"01MVEZSRN3YO2ZIYIXVNBKZNO5EOJL6YO2":"/Shoshi Sleep Log.xlsx","flowSystemMetadata":{"swaggerOperationId":"AddRowV2"},"01MVEZSRL42CU3P3OSNRBYVXPR3CIQMWGB":"/Example Sleep Log.xlsx"},"type":"ApiConnection","inputs":{"host":{"api":{"runtimeUrl":"https://flow-apim-msmanaged-na-centralus-01.azure-apim.net/apim/excelonlinebusiness"},"connection":{"name":"@parameters('$connections')['shared_excelonlinebusiness']['connectionId']"}},"method":"post","body":{"Date":"@{formatDateTime(utcNow(), 'yyyy-MM-dd')}","Status":"@items('Apply_to_each')?['value']"},"path":"/codeless/v1.2/drives/@{encodeURIComponent('b!DidzleQ9Ak-igc673-mMSAfac5HgY6ZBvVa0wU2DspW9GsxO4sOgTbDBfAfKDBIT')}/items/@{encodeURIComponent('01MVEZSRL42CU3P3OSNRBYVXPR3CIQMWGB')}/workbook/tables/@{encodeURIComponent('1')}/rows","queries":{"source":"me"},"authentication":"@parameters('$authentication')"}}},"runAfter":{},"type":"Foreach"}},"outputs":{}},"connectionReferences":{"shared_office365":{"connectionName":"shared-office365-4e6a6422-4af9-4935-8bc3-17e407e9eccf","source":"Embedded","id":"/providers/Microsoft.PowerApps/apis/shared_office365","tier":"NotSpecified"},"shared_excelonlinebusiness":{"connectionName":"shared-excelonlinebu-a9f060d2-4e64-428a-a7ae-5cf8c1ab864c","source":"Embedded","id":"/providers/Microsoft.PowerApps/apis/shared_excelonlinebusiness","tier":"NotSpecified"}},"flowFailureAlertSubscribed":false}}